-- phpMyAdmin SQL Dump
-- version 4.8.5
-- https://www.phpmyadmin.net/
--
-- Host: 127.0.0.1:3306
-- Creato il: Gen 26, 2019 alle 18:27
-- Versione del server: 8.0.13
-- Versione PHP: 7.2.10-0ubuntu0.18.04.1

SET SQL_MODE = "NO_AUTO_VALUE_ON_ZERO";
SET AUTOCOMMIT = 0;
START TRANSACTION;
SET time_zone = "+00:00";


/*!40101 SET @OLD_CHARACTER_SET_CLIENT=@@CHARACTER_SET_CLIENT */;
/*!40101 SET @OLD_CHARACTER_SET_RESULTS=@@CHARACTER_SET_RESULTS */;
/*!40101 SET @OLD_COLLATION_CONNECTION=@@COLLATION_CONNECTION */;
/*!40101 SET NAMES utf8mb4 */;

--
-- Database: `tradepkmn`
--

-- --------------------------------------------------------

--
-- Struttura della tabella `admins`
--

CREATE TABLE `admins` (
  `username` varchar(20) CHARACTER SET utf8 COLLATE utf8_general_ci NOT NULL
) ENGINE=InnoDB DEFAULT CHARSET=utf8 ROW_FORMAT=COMPACT;

--
-- Dump dei dati per la tabella `admins`
--

INSERT INTO `admins` (`username`) VALUES
('Trial4life'),
('medix93'),
('DadyGC'),
('Barrazar'),
('Illidanrex'),
('MenoMenotti'),
('ProtusPrime'),
('HarlockHrk');

-- --------------------------------------------------------

--
-- Struttura della tabella `auth_groups`
--

CREATE TABLE `auth_groups` (
  `groupName` varchar(50) CHARACTER SET utf8 COLLATE utf8_general_ci NOT NULL,
  `groupID` varchar(20) CHARACTER SET utf8 COLLATE utf8_general_ci NOT NULL
) ENGINE=InnoDB DEFAULT CHARSET=utf8 ROW_FORMAT=COMPACT;

--
-- Dump dei dati per la tabella `auth_groups`
--

INSERT INTO `auth_groups` (`groupName`, `groupID`) VALUES
('PoGoRaidRomaNordEst', '-1001119443518'),
('LegitGo Salario-Pinciano-Parioli', '-1001369640732');

-- --------------------------------------------------------

--
-- Struttura della tabella `codes`
--

CREATE TABLE `codes` (
  `trainer` varchar(50) NOT NULL,
  `telegram` varchar(50) CHARACTER SET utf8mb4 COLLATE utf8mb4_0900_ai_ci NOT NULL,
  `code` varchar(16) NOT NULL
) ENGINE=InnoDB DEFAULT CHARSET=utf8mb4 COLLATE=utf8mb4_0900_ai_ci ROW_FORMAT=COMPACT;

--
-- Dump dei dati per la tabella `codes`
--

INSERT INTO `codes` (`trainer`, `telegram`, `code`) VALUES
('Trial4life', 'Trial4life', '1111 1111 1111');

-- --------------------------------------------------------

--
-- Struttura della tabella `conversion`
--

CREATE TABLE `conversion` (
  `AW` varchar(43) DEFAULT NULL,
  `GO` varchar(10) DEFAULT NULL,
  `EMO` varchar(17) CHARACTER SET utf8 COLLATE utf8_general_ci NOT NULL
) ENGINE=InnoDB DEFAULT CHARSET=utf8 ROW_FORMAT=COMPACT;

--
-- Dump dei dati per la tabella `conversion`
--

INSERT INTO `conversion` (`AW`, `GO`, `EMO`) VALUES
('Soleggiato', 'Sereno', '\\xE2\\x98\\x80'),
('Sereno', 'Sereno', '\\xE2\\x98\\x80'),
('Prevalentemente soleggiato', 'Sereno', '\\xE2\\x98\\x80'),
('Prevalentemente sereno', 'Sereno', '\\xE2\\x98\\x80'),
('Parzialmente soleggiato', 'P nuvoloso', '\\xE2\\x9B\\x85'),
('Parzialmente nuvoloso', 'P nuvoloso', '\\xE2\\x9B\\x85'),
('Nuvole intermittenti', 'P nuvoloso', '\\xE2\\x9B\\x85'),
('Nuvole intermittenti', 'P nuvoloso', '\\xE2\\x9B\\x85'),
('Prevalentemente nuvoloso', 'Coperto', '\\xE2\\x98\\x81'),
('Prevalentemente nuvoloso', 'Coperto', '\\xE2\\x98\\x81'),
('Nuvoloso', 'Coperto', '\\xE2\\x98\\x81'),
('Parzialmente soleggiato con rovesci is', 'P nuvoloso', '\\xE2\\x9B\\x85'),
('Parzialmente nuvoloso con rovesci', 'P nuvoloso', '\\xE2\\x9B\\x85'),
('Prevalentemente nuvoloso con rovesci', 'Coperto', '\\xE2\\x98\\x81'),
('Prevalentemente nuvoloso con rovesci', 'Coperto', '\\xE2\\x98\\x81'),
('Rovesci', 'Pioggia', '\\xE2\\x98\\x94'),
('Pioggia', 'Pioggia', '\\xE2\\x98\\x94'),
('Temporali', 'Pioggia', '\\xE2\\x98\\x94'),
('Parzialmente soleggiato con temporali', 'P nuvoloso', '\\xE2\\x9B\\x85'),
('Parzialmente nuvoloso con temporali', 'P nuvoloso', '\\xE2\\x9B\\x85'),
('Prevalentemente nuvoloso con temporali', 'Coperto', '\\xE2\\x98\\x81'),
('Prevalentemente nuvoloso con temporali', 'Coperto', '\\xE2\\x98\\x81'),
('Sole velato', 'Coperto', '\\xE2\\x98\\x81'),
('Foschia notturna', 'Coperto', '\\xE2\\x98\\x81'),
('Nebbia', 'Nebbia', '\\xF0\\x9F\\x8C\\x81'),
('Parzialmente soleggiato con nevicate', 'P nuvoloso', '\\xE2\\x9B\\x85'),
('Prevalentemente nuvoloso con nevicate', 'Coperto', '\\xE2\\x98\\x81'),
('Prevalentemente nuvoloso con nevicate', 'Coperto', '\\xE2\\x98\\x81'),
('0', '0', ''),
('x', 'x', ''),
('Neve', 'Neve', '\\xE2\\x9D\\x84');

-- --------------------------------------------------------

--
-- Struttura della tabella `IVtable`
--

CREATE TABLE `IVtable` (
  `pokemon` varchar(20) CHARACTER SET utf8 COLLATE utf8_general_ci NOT NULL,
  `pl` int(4) NOT NULL
) ENGINE=InnoDB DEFAULT CHARSET=utf8 ROW_FORMAT=COMPACT;

--
-- Dump dei dati per la tabella `IVtable`
--

INSERT INTO `IVtable` (`pokemon`, `pl`) VALUES
('Bulbasaur', 477),
('Ivysaur', 728),
('Venusaur', 1166),
('Charmander', 420),
('Charmeleon', 708),
('Charizard', 1238),
('Squirtle', 405),
('Wartortle', 637),
('Blastoise', 1057),
('Caterpie', 187),
('Metapod', 193),
('Butterfree', 783),
('Weedle', 195),
('Kakuna', 185),
('Beedrill', 791),
('Pidgey', 291),
('Pidgeotto', 512),
('Pidgeot', 912),
('Rattata', 315),
('A-Rattata', 315),
('Raticate', 741),
('A-Raticate', 730),
('Spearow', 342),
('Fearow', 855),
('Ekans', 397),
('Arbok', 823),
('Pikachu', 402),
('Raichu', 935),
('A-Raichu', 980),
('Sandshrew', 540),
('A-Sandshrew', 554),
('Sandslash', 1017),
('A-Sandslash', 1042),
('Nidoran F', 349),
('Nidorina', 561),
('Nidoqueen', 1066),
('Nidoran M', 369),
('Nidorino', 597),
('Nidoking', 1100),
('Clefairy', 495),
('Clefable', 1044),
('Vulpix', 378),
('A-Vulpix', 378),
('Ninetales', 977),
('A-Ninetales', 989),
('Jigglypuff', 310),
('Wigglytuff', 825),
('Zubat', 285),
('Golbat', 847),
('Oddish', 526),
('Oddish 2', 526),
('Gloom', 720),
('Gloom 2', 720),
('Vileplume', 1097),
('Paras', 436),
('Parasect', 797),
('Venonat', 430),
('Venomoth', 892),
('Diglett', 289),
('A-Diglett', 296),
('Dugtrio', 667),
('A-Dugtrio', 820),
('Meowth', 320),
('A-Meowth', 341),
('Persian', 724),
('A-Persian', 759),
('Psyduck', 474),
('Golduck', 1050),
('Mankey', 499),
('Primeape', 980),
('Growlithe', 533),
('Arcanine', 1298),
('Poliwag', 355),
('Poliwag 2', 355),
('Poliwhirl', 608),
('Poliwhirl 2', 608),
('Poliwrath', 1108),
('Abra', 575),
('Kadabra', 882),
('Alakazam', 1310),
('Machop', 548),
('Machoke', 870),
('Machamp', 1310),
('Bellsprout', 443),
('Weepinbell', 690),
('Victreebel', 1042),
('Tentacool', 446),
('Tentacruel', 1038),
('Geodude', 554),
('A-Geodude', 554),
('Graveler', 813),
('A-Graveler', 813),
('Golem', 1264),
('A-Golem', 1264),
('Ponyta', 727),
('Rapidash', 1054),
('Slowpoke', 525),
('Slowpoke 2', 525),
('Slowbro', 1090),
('Magnemite', 583),
('Magneton', 1065),
('Farfetch\'d', 529),
('Doduo', 514),
('Dodrio', 1012),
('Seel', 416),
('Dewgong', 851),
('Grimer', 589),
('A-Grimer', 589),
('Muk', 1181),
('A-Muk', 1181),
('Shellder', 463),
('Cloyster', 1092),
('Gastly', 527),
('Haunter', 841),
('Gengar', 1233),
('Onix', 472),
('Drowzee', 446),
('Hypno', 895),
('Krabby', 669),
('Kingler', 1212),
('Voltorb', 432),
('Electrode', 899),
('Exeggcute', 503),
('Exeggutor', 1292),
('A-Exeggutor', 1292),
('Cubone', 436),
('Marowak', 786),
('A-Marowak', 786),
('Hitmonlee', 1104),
('Hitmonchan', 999),
('Lickitung', 604),
('Koffing', 520),
('Weezing', 982),
('Rhyhorn', 707),
('Rhydon', 1362),
('Chansey', 537),
('Tangela', 959),
('Kangaskhan', 1108),
('Horsea', 452),
('Seadra', 897),
('Goldeen', 493),
('Seaking', 926),
('Staryu', 495),
('Starmie', 1107),
('Mr. Mime', 954),
('Scyther', 1160),
('Jynx', 1095),
('Electabuzz', 1000),
('Magmar', 1026),
('Pinsir', 1268),
('Tauros', 1123),
('Magikarp', 117),
('Gyarados', 1453),
('Lapras', 1131),
('Ditto', 356),
('Eevee', 459),
('Eevee V', 459),
('Eevee J', 459),
('Eevee F', 459),
('Eevee E', 459),
('Eevee U', 459),
('Vaporeon', 1335),
('Jolteon', 1238),
('Flareon', 1298),
('Porygon', 737),
('Omanyte', 662),
('Omastar', 1194),
('Kabuto', 587),
('Kabutops', 1162),
('Aerodactyl', 1193),
('Snorlax', 1382),
('Articuno', 1308),
('Zapdos', 1511),
('Moltres', 1485),
('Dratini', 430),
('Dragonair', 763),
('Dragonite', 1625),
('Mewtwo', 1791),
('Mew', 1399),
('Chikorita', 400),
('Bayleef', 623),
('Meganium', 1033),
('Cyndaquil', 420),
('Quilava', 708),
('Typhlosion', 1238),
('Totodile', 485),
('Croconaw', 738),
('Feraligatr', 1224),
('Sentret', 264),
('Furret', 753),
('Hoothoot', 290),
('Noctowl', 867),
('Ledyba', 312),
('Ledian', 577),
('Spinarak', 350),
('Ariados', 759),
('Crobat', 1134),
('Chinchou', 479),
('Lanturn', 893),
('Pichu', 203),
('Cleffa', 287),
('Igglybuff', 229),
('Togepi', 282),
('Togetic', 732),
('Natu', 472),
('Xatu', 938),
('Mareep', 424),
('Flaaffy', 652),
('Ampharos', 1222),
('Bellossom', 977),
('Marill', 197),
('Azumarill', 680),
('Sudowoodo', 920),
('Politoed', 1049),
('Hoppip', 257),
('Skiploom', 418),
('Jumpluff', 701),
('Aipom', 578),
('Sunkern', 169),
('Sunflora', 918),
('Yanma', 630),
('Wooper', 275),
('Quagsire', 854),
('Espeon', 1358),
('Umbreon', 916),
('Murkrow', 669),
('Slowking', 1090),
('Misdreavus', 825),
('Unown', 508),
('Wobbuffet', 440),
('Girafarig', 877),
('Pineco', 475),
('Forretress', 978),
('Dunsparce', 724),
('Gligar', 796),
('Steelix', 1034),
('Snubbull', 530),
('Granbull', 1094),
('Qwilfish', 879),
('Scizor', 1286),
('Shuckle', 173),
('Heracross', 1329),
('Sneasel', 879),
('Teddiursa', 569),
('Ursaring', 1262),
('Slugma', 383),
('Magcargo', 729),
('Swinub', 317),
('Piloswine', 1005),
('Corsola', 590),
('Remoraid', 391),
('Octillery', 992),
('Delibird', 469),
('Mantine', 903),
('Skarmory', 903),
('Houndour', 529),
('Houndoom', 1129),
('Kingdra', 1132),
('Phanpy', 517),
('Donphan', 1291),
('Porygon2', 1162),
('Stantler', 927),
('Smeargle', 184),
('Tyrogue', 210),
('Tyrogue HL', 210),
('Tyrogye HC', 210),
('Tyrogue HT', 210),
('Hitmontop', 924),
('Smoochum', 553),
('Elekid', 517),
('Magby', 567),
('Miltank', 1009),
('Blissey', 1182),
('Raikou', 1479),
('Entei', 1488),
('Suicune', 1278),
('Larvitar', 445),
('Pupitar', 757),
('Tyranitar', 1643),
('Lugia', 1587),
('Ho-Oh', 1655),
('Celebi', 1399),
('Treecko', 451),
('Grovyle', 717),
('Sceptile', 1181),
('Torchic', 468),
('Combusken', 708),
('Blaziken', 1220),
('Mudkip', 483),
('Marshtomp', 761),
('Swampert', 1274),
('Poochyena', 290),
('Mightyena', 825),
('Zigzagoon', 218),
('Linoone', 712),
('Wurmple', 247),
('Wurmple S', 247),
('Wurmple C', 247),
('Silcoon', 237),
('Beautifly', 756),
('Cascoon', 237),
('Dustox', 524),
('Lotad', 256),
('Lombre', 513),
('Ludicolo', 995),
('Seedot', 256),
('Nuzleaf', 526),
('Shiftry', 1000),
('Taillow', 328),
('Swellow', 823),
('Wingull', 328),
('Pelipper', 911),
('Ralts', 231),
('Kirlia', 414),
('Gardevoir', 1326),
('Surskit', 339),
('Masquerain', 973),
('Shroomish', 347),
('Breloom', 1126),
('Slakoth', 429),
('Vigoroth', 843),
('Slaking', 1899),
('Nincada', 329),
('Nincada 1', 329),
('Nincada 2', 329),
('Ninjask', 832),
('Shedinja', 342),
('Whismur', 287),
('Loudred', 569),
('Exploud', 1006),
('Makuhita', 350),
('Hariyama', 1212),
('Azurill', 156),
('Nosepass', 425),
('Skitty', 316),
('Delcatty', 641),
('Sableye', 632),
('Mawile', 700),
('Aron', 560),
('Lairon', 881),
('Aggron', 1285),
('Meditite', 297),
('Medicham', 613),
('Electrike', 413),
('Manectric', 1003),
('Plusle', 762),
('Minun', 726),
('Volbeat', 759),
('Illumise', 759),
('Roselia', 801),
('Gulpin', 371),
('Swalot', 847),
('Carvanha', 437),
('Sharpedo', 934),
('Wailmer', 629),
('Wailord', 977),
('Numel', 453),
('Camerupt', 940),
('Torkoal', 897),
('Spoink', 571),
('Grumpig', 1015),
('Spinda', 523),
('Trapinch', 546),
('Vibrava', 525),
('Flygon', 1140),
('Cacnea', 532),
('Cacturne', 985),
('Swablu', 353),
('Altaria', 859),
('Zangoose', 1036),
('Seviper', 902),
('Lunatone', 997),
('Solrock', 997),
('Barboach', 351),
('Whiscash', 889),
('Corphish', 527),
('Crawdaunt', 1060),
('Baltoy', 337),
('Claydol', 845),
('Lileep', 553),
('Cradily', 947),
('Anorith', 655),
('Armaldo', 1221),
('Feebas', 117),
('Milotic', 1288),
('Castform', 699),
('Kecleon', 877),
('Shuppet', 436),
('Banette', 985),
('Duskull', 302),
('Dusclops', 682),
('Tropius', 831),
('Chimecho', 968),
('Absol', 1083),
('Wynaut', 228),
('Snorunt', 380),
('Glalie', 902),
('Spheal', 412),
('Sealeo', 735),
('Walrein', 1168),
('Clamperl', 544),
('Clamperl H', 544),
('Clamperl G', 544),
('Huntail', 1002),
('Gorebyss', 1069),
('Relicanth', 1083),
('Luvdisc', 363),
('Bagon', 495),
('Shelgon', 870),
('Salamence', 1607),
('Beldum', 418),
('Metang', 738),
('Metagross', 1625),
('Regirock', 1338),
('Regice', 1338),
('Registeel', 1048),
('Latias', 1504),
('Latios', 1634),
('Kyogre', 1764),
('Groudon', 1764),
('Rayquaza', 1643),
('Jirachi', 1399),
('Deoxys', 1354),
('Deoxys-A', 1105),
('Deoxys-D', 974),
('Deoxys-S', 1234),
('Turtwig', 508),
('Grotle', 810),
('Torterra', 1257),
('Chimchar', 410),
('Monferno', 674),
('Infernape', 1150),
('Piplup', 460),
('Prinplup', 729),
('Empoleon', 1243),
('Starly', 308),
('Staravia', 556),
('Staraptor', 1175),
('Bidoof', 309),
('Bibarel', 787),
('Kricketot', 172),
('Kricketune', 708),
('Shinx', 375),
('Luxio', 636),
('Luxray', 1237),
('Budew', 367),
('Roserade', 1251),
('Cranidos', 780),
('Rampardos', 1413),
('Shieldon', 381),
('Bastiodon', 660),
('Burmy', 209),
('Wormadam-E', 760),
('Wormadam-T', 760),
('Wormadam-A', 683),
('Mothim', 778),
('Combee', 212),
('Vespiquen', 859),
('Pachirisu', 520),
('Buizel', 452),
('Floatzel', 1047),
('Cherubi', 407),
('Cherrim', 877),
('Shellos', 486),
('Gastrodon', 996),
('Ambipom', 1036),
('Drifloon', 513),
('Drifblim', 1021),
('Buneary', 539),
('Lopunny', 882),
('Mismagius', 1121),
('Honchkrow', 1162),
('Glameow', 400),
('Purugly', 837),
('Chingling', 431),
('Stunky', 493),
('Skuntank', 1010),
('Bronzor', 258),
('Bronzong', 959),
('Bonsly', 558),
('Mime Jr.', 469),
('Happiny', 159),
('Chatot', 767),
('Spiritomb', 888),
('Gible', 477),
('Gabite', 803),
('Garchomp', 1698),
('Munchlax', 811),
('Riolu', 425),
('Lucario', 1158),
('Hippopotas', 582),
('Hippowdon', 1322),
('Skorupi', 432),
('Drapion', 1051),
('Croagunk', 408),
('Toxicroak', 1066),
('Carnivine', 925),
('Finneon', 416),
('Lumineon', 777),
('Mantyke', 535),
('Snover', 497),
('Abomasnow', 1012),
('Weavile', 1288),
('Magnezone', 1373),
('Lickilicky', 1057),
('Rhyperior', 1600),
('Tangrowth', 1298),
('Electivire', 1320),
('Magmortar', 1342),
('Togekiss', 1428),
('Yanmega', 1262),
('Leafeon', 1262),
('Glaceon', 1340),
('Gliscor', 1153),
('Mamoswine', 1426),
('Porygon-Z', 1400),
('Gallade', 1326),
('Probopass', 891),
('Dusknoir', 1023),
('Froslass', 874),
('Rotom', 870),
('Rotom-C', 1105),
('Rotom-F', 1105),
('Rotom-H', 1105),
('Rotom-S', 1105),
('Rotom-W', 1105),
('Uxie', 1081),
('Mesprit', 1310),
('Azelf', 1376),
('Dialga', 1731),
('Palkia', 1710),
('Heatran', 1609),
('Regigigas', 1862),
('Giratina', 1448),
('Giratina-O', 1578),
('Cresselia', 1224),
('Phione', 902),
('Manaphy', 1399),
('Darkrai', 1602),
('Shaymin', 1399),
('Shaymin-S', 1539),
('Arceus', 1710),
('Arceus-Bug', 1710),
('Arceus-Dark', 1710),
('Arceus-Dragon', 1710),
('Arceus-Electric', 1710),
('Arceus-Fairy', 1710),
('Arceus-Fighting', 1710),
('Arceus-Fire', 1710),
('Arceus-Flying', 1710),
('Arceus-Ghost', 1710),
('Arceus-Grass', 1710),
('Arceus-Ground', 1710),
('Arceus-Ice', 1710),
('Arceus-Poison', 1710),
('Arceus-Psychic', 1710),
('Arceus-Rock', 1710),
('Arceus-Steel', 1710),
('Arceus-Water', 1710),
('Meltan', 463),
('Melmetal', 1660);

-- --------------------------------------------------------

--
-- Struttura della tabella `nestEnd`
--

CREATE TABLE `nestEnd` (
  `endDate` varchar(10) CHARACTER SET utf8 COLLATE utf8_general_ci NOT NULL
) ENGINE=InnoDB DEFAULT CHARSET=utf8 ROW_FORMAT=COMPACT;

--
-- Dump dei dati per la tabella `nestEnd`
--

INSERT INTO `nestEnd` (`endDate`) VALUES
('2019-02-07');

-- --------------------------------------------------------

--
-- Struttura della tabella `nests`
--

CREATE TABLE `nests` (
  `nido` varchar(50) CHARACTER SET utf8 COLLATE utf8_general_ci NOT NULL,
  `pokemon` varchar(20) CHARACTER SET utf8 COLLATE utf8_general_ci NOT NULL,
  `type` int(2) NOT NULL
) ENGINE=InnoDB DEFAULT CHARSET=utf8 ROW_FORMAT=COMPACT;

--
-- Dump dei dati per la tabella `nests`
--

INSERT INTO `nests` (`nido`, `pokemon`, `type`) VALUES
('Villa Albani', 'Piplup', 1),
('Villa Borghese', 'Pinsir', 1),
('Villa Ada', 'Swinub', 1),
('Villa Glori', 'Electrike', 1),
('Parco Delle Sabine', 'Pikachu', 1),
('Convento Nomentana', 'Scyther', 2),
('Via Valsolda', 'Doduo', 1),
('Parco Virgiliano', 'Ponyta', 1),
('Villa Paganini', 'Doduo', 1),
('Parco Filippo Meda', 'Machop', 1),
('Villa Gordiani Nord', 'Abra', 1),
('Villa Gordiani Sud', 'Rhyhorn', 1),
('Parco Delle Valli', 'Phanpy', 1),
('Ciclabile Aniene', 'Phanpy', 1);

-- --------------------------------------------------------

--
-- Struttura della tabella `parks`
--

CREATE TABLE `parks` (
  `park` varchar(50) CHARACTER SET utf8 COLLATE utf8_general_ci NOT NULL,
  `lat` varchar(15) CHARACTER SET utf8 COLLATE utf8_general_ci NOT NULL,
  `lng` varchar(15) CHARACTER SET utf8 COLLATE utf8_general_ci NOT NULL
) ENGINE=InnoDB DEFAULT CHARSET=utf8 ROW_FORMAT=COMPACT;

--
-- Dump dei dati per la tabella `parks`
--

INSERT INTO `parks` (`park`, `lat`, `lng`) VALUES
('Colle Oppio', ' 41.891593', ' 12.496418'),
('Convento Nomentana', ' 41.924540', ' 12.523747'),
('Parco dei Daini', ' 41.915472', ' 12.491985'),
('Parco della Caffarella', ' 41.864920', ' 12.522613'),
('Parco delle Valli', ' 41.939656', ' 12.522775'),
('Parco Don Enzo Boni', ' 41.933710', ' 12.519156'),
('Parco Virgiliano', ' 41.925426', ' 12.510588'),
('Pincio', ' 41.911051', ' 12.479820'),
('Villa Ada', ' 41.930702', ' 12.502056'),
('Villa Blanc', ' 41.923024', ' 12.522185'),
('Villa Borghese', ' 41.913567', ' 12.484158'),
('Villa Chigi', ' 41.933222', ' 12.516468'),
('Villa Leopardi', ' 41.926208', ' 12.521774'),
('Villa Mirafiori', ' 41.918699', ' 12.516893'),
('Villa Pamphili', ' 41.884090', ' 12.446756'),
('Villa Torlonia', ' 41.913707', ' 12.512150'),
('Parchetto Dei Galli', '41.921532', '12.522627'),
('Piazza Bologna', '41.913599', '12.520842'),
('Piazza Annibaliano', '41.923228', '12.515657'),
('Parco del Ninfeo', '41.838625', '12.469329'),
('Parco del Turismo', '41.839782', '12.466711'),
('Villa Paganini', '41.916551', '12.509974'),
('Sedia del Diavolo', '41.929541', '12.522745'),
('Villa Albani', '41.915165', '12.500368'),
('Parco delle Sabine', '41.973858', '12.529966'),
('Villa Glori', '41.931093', '12.479891'),
('Via Valsolda', '41.936334', '12.530309'),
('Ciclabile Aniene', '41.934722', '12.526916'),
('Colle Oppio Nord', '41.892937', '12.495292'),
('Parco filippo meda', '41.912701', '12.545641'),
('Villa Gordiani Nord', '41.895261', '12.553654'),
('Villa Gordiani Sud', '41.892841', '12.553502');

-- --------------------------------------------------------

--
-- Struttura della tabella `pokeid`
--

CREATE TABLE `pokeid` (
  `id` varchar(3) CHARACTER SET utf8 COLLATE utf8_general_ci NOT NULL,
  `pokemon` varchar(20) CHARACTER SET utf8 COLLATE utf8_general_ci NOT NULL,
  `userAlerts` varchar(2000) CHARACTER SET utf8 COLLATE utf8_general_ci NOT NULL
) ENGINE=InnoDB DEFAULT CHARSET=utf8 ROW_FORMAT=COMPACT;

--
-- Dump dei dati per la tabella `pokeid`
--

INSERT INTO `pokeid` (`id`, `pokemon`, `userAlerts`) VALUES
('001', 'Bulbasaur', ''),
('002', 'Ivysaur', ''),
('003', 'Venusaur', ''),
('004', 'Charmander', ''),
('005', 'Charmeleon', ''),
('006', 'Charizard', ''),
('007', 'Squirtle', '158754689,'),
('008', 'Wartortle', ''),
('009', 'Blastoise', ''),
('010', 'Caterpie', ''),
('011', 'Metapod', ''),
('012', 'Butterfree', ''),
('013', 'Weedle', ''),
('014', 'Kakuna', ''),
('015', 'Beedrill', ''),
('016', 'Pidgey', ''),
('017', 'Pidgeotto', ''),
('018', 'Pidgeot', ''),
('019', 'Rattata', ''),
('020', 'Raticate', ''),
('021', 'Spearow', ''),
('022', 'Fearow', ''),
('023', 'Ekans', ''),
('024', 'Arbok', ''),
('025', 'Pikachu', ''),
('026', 'Raichu', ''),
('027', 'Sandshrew', ''),
('028', 'Sandslash', ''),
('029', 'Nidoran F', ''),
('030', 'Nidorina', ''),
('031', 'Nidoqueen', ''),
('032', 'Nidoran M', ''),
('033', 'Nidorino', ''),
('034', 'Nidoking', ''),
('035', 'Clefairy', ''),
('036', 'Clefable', ''),
('037', 'Vulpix', ''),
('038', 'Ninetales', ''),
('039', 'Jigglypuff', ''),
('040', 'Wigglytuff', ''),
('041', 'Zubat', ''),
('042', 'Golbat', ''),
('043', 'Oddish', ''),
('044', 'Gloom', ''),
('045', 'Vileplume', ''),
('046', 'Paras', ''),
('047', 'Parasect', ''),
('048', 'Venonat', ''),
('049', 'Venomoth', ''),
('050', 'Diglett', ''),
('051', 'Dugtrio', ''),
('052', 'Meowth', ''),
('053', 'Persian', ''),
('054', 'Psyduck', ''),
('055', 'Golduck', ''),
('056', 'Mankey', ''),
('057', 'Primeape', ''),
('058', 'Growlithe', ''),
('059', 'Arcanine', ''),
('060', 'Poliwag', ''),
('061', 'Poliwhirl', ''),
('062', 'Poliwrath', ''),
('063', 'Abra', ''),
('064', 'Kadabra', ''),
('065', 'Alakazam', ''),
('066', 'Machop', ''),
('067', 'Machoke', ''),
('068', 'Machamp', ''),
('069', 'Bellsprout', ''),
('070', 'Weepinbell', ''),
('071', 'Victreebel', ''),
('072', 'Tentacool', ''),
('073', 'Tentacruel', ''),
('074', 'Geodude', ''),
('075', 'Graveler', ''),
('076', 'Golem', ''),
('077', 'Ponyta', ''),
('078', 'Rapidash', ''),
('079', 'Slowpoke', ''),
('080', 'Slowbro', ''),
('081', 'Magnemite', '158754689,'),
('082', 'Magneton', ''),
('083', 'Farfetch\'d', ''),
('084', 'Doduo', ''),
('085', 'Dodrio', ''),
('086', 'Seel', ''),
('087', 'Dewgong', ''),
('088', 'Grimer', ''),
('089', 'Muk', ''),
('090', 'Shellder', ''),
('091', 'Cloyster', ''),
('092', 'Gastly', ''),
('093', 'Haunter', ''),
('094', 'Gengar', ''),
('095', 'Onix', ''),
('096', 'Drowzee', ''),
('097', 'Hypno', ''),
('098', 'Krabby', ''),
('099', 'Kingler', ''),
('100', 'Voltorb', ''),
('101', 'Electrode', ''),
('102', 'Exeggcute', ''),
('103', 'Exeggutor', ''),
('104', 'Cubone', ''),
('105', 'Marowak', ''),
('106', 'Hitmonlee', ''),
('107', 'Hitmonchan', ''),
('108', 'Lickitung', ''),
('109', 'Koffing', ''),
('110', 'Weezing', ''),
('111', 'Rhyhorn', ''),
('112', 'Rhydon', ''),
('113', 'Chansey', '355300180,'),
('114', 'Tangela', ''),
('115', 'Kangaskhan', ''),
('116', 'Horsea', ''),
('117', 'Seadra', ''),
('118', 'Goldeen', ''),
('119', 'Seaking', ''),
('120', 'Staryu', ''),
('121', 'Starmie', ''),
('122', 'Mr. Mime', ''),
('123', 'Scyther', ''),
('124', 'Jynx', ''),
('125', 'Electabuzz', '350968891,'),
('126', 'Magmar', ''),
('127', 'Pinsir', ''),
('128', 'Tauros', ''),
('129', 'Magikarp', ''),
('130', 'Gyarados', ''),
('131', 'Lapras', ''),
('132', 'Ditto', ''),
('133', 'Eevee', ''),
('134', 'Vaporeon', ''),
('135', 'Jolteon', ''),
('136', 'Flareon', ''),
('137', 'Porygon', ''),
('138', 'Omanyte', ''),
('139', 'Omastar', ''),
('140', 'Kabuto', ''),
('141', 'Kabutops', ''),
('142', 'Aerodactyl', ''),
('143', 'Snorlax', ''),
('144', 'Articuno', ''),
('145', 'Zapdos', ''),
('146', 'Moltres', ''),
('147', 'Dratini', '158754689,355300180,'),
('148', 'Dragonair', ''),
('149', 'Dragonite', ''),
('150', 'Mewtwo', ''),
('151', 'Mew', ''),
('152', 'Chikorita', ''),
('153', 'Bayleef', ''),
('154', 'Meganium', ''),
('155', 'Cyndaquil', ''),
('156', 'Quilava', ''),
('157', 'Typhlosion', ''),
('158', 'Totodile', ''),
('159', 'Croconaw', ''),
('160', 'Feraligatr', ''),
('161', 'Sentret', ''),
('162', 'Furret', ''),
('163', 'Hoothoot', ''),
('164', 'Noctowl', ''),
('165', 'Ledyba', ''),
('166', 'Ledian', ''),
('167', 'Spinarak', ''),
('168', 'Ariados', ''),
('169', 'Crobat', ''),
('170', 'Chinchou', ''),
('171', 'Lanturn', ''),
('172', 'Pichu', ''),
('173', 'Cleffa', ''),
('174', 'Igglybuff', ''),
('175', 'Togepi', ''),
('176', 'Togetic', ''),
('177', 'Natu', ''),
('178', 'Xatu', ''),
('179', 'Mareep', ''),
('180', 'Flaaffy', ''),
('181', 'Ampharos', ''),
('182', 'Bellossom', ''),
('183', 'Marill', ''),
('184', 'Azumarill', ''),
('185', 'Sudowoodo', ''),
('186', 'Politoed', ''),
('187', 'Hoppip', ''),
('188', 'Skiploom', ''),
('189', 'Jumpluff', ''),
('190', 'Aipom', ''),
('191', 'Sunkern', ''),
('192', 'Sunflora', ''),
('193', 'Yanma', ''),
('194', 'Wooper', ''),
('195', 'Quagsire', ''),
('196', 'Espeon', ''),
('197', 'Umbreon', ''),
('198', 'Murkrow', ''),
('199', 'Slowking', ''),
('200', 'Misdreavus', ''),
('201', 'Unown', ''),
('202', 'Wobbuffet', ''),
('203', 'Girafarig', ''),
('204', 'Pineco', ''),
('205', 'Forretress', ''),
('206', 'Dunsparce', ''),
('207', 'Gligar', ''),
('208', 'Steelix', ''),
('209', 'Snubbull', ''),
('210', 'Granbull', ''),
('211', 'Qwilfish', ''),
('212', 'Scizor', ''),
('213', 'Shuckle', ''),
('214', 'Heracross', ''),
('215', 'Sneasel', ''),
('216', 'Teddiursa', ''),
('217', 'Ursaring', ''),
('218', 'Slugma', ''),
('219', 'Magcargo', ''),
('220', 'Swinub', ''),
('221', 'Piloswine', ''),
('222', 'Corsola', ''),
('223', 'Remoraid', ''),
('224', 'Octillery', ''),
('225', 'Delibird', ''),
('226', 'Mantine', ''),
('227', 'Skarmory', ''),
('228', 'Houndour', ''),
('229', 'Houndoom', ''),
('230', 'Kingdra', ''),
('231', 'Phanpy', ''),
('232', 'Donphan', ''),
('233', 'Porygon2', ''),
('234', 'Stantler', ''),
('235', 'Smeargle', ''),
('236', 'Tyrogue', ''),
('237', 'Hitmontop', ''),
('238', 'Smoochum', ''),
('239', 'Elekid', ''),
('240', 'Magby', ''),
('241', 'Miltank', ''),
('242', 'Blissey', ''),
('243', 'Raikou', ''),
('244', 'Entei', ''),
('245', 'Suicune', ''),
('246', 'Larvitar', '158754689,355300180,'),
('247', 'Pupitar', ''),
('248', 'Tyranitar', ''),
('249', 'Lugia', ''),
('250', 'Ho-oh', ''),
('251', 'Celebi', ''),
('252', 'Treecko', ''),
('253', 'Grovyle', ''),
('254', 'Sceptile', ''),
('255', 'Torchic', ''),
('256', 'Combusken', ''),
('257', 'Blaziken', ''),
('258', 'Mudkip', ''),
('259', 'Marshtomp', ''),
('260', 'Swampert', ''),
('261', 'Poochyena', ''),
('262', 'Mightyena', ''),
('263', 'Zigzagoon', ''),
('264', 'Linoone', ''),
('265', 'Wurmple', ''),
('266', 'Silcoon', ''),
('267', 'Beautifly', ''),
('268', 'Cascoon', ''),
('269', 'Dustox', ''),
('270', 'Lotad', ''),
('271', 'Lombre', ''),
('272', 'Ludicolo', ''),
('273', 'Seedot', ''),
('274', 'Nuzleaf', ''),
('275', 'Shiftry', ''),
('276', 'Taillow', ''),
('277', 'Swellow', ''),
('278', 'Wingull', ''),
('279', 'Pelipper', ''),
('280', 'Ralts', ''),
('281', 'Kirlia', ''),
('282', 'Gardevoir', ''),
('283', 'Surskit', ''),
('284', 'Masquerain', ''),
('285', 'Shroomish', ''),
('286', 'Breloom', ''),
('287', 'Slakoth', ''),
('288', 'Vigoroth', ''),
('289', 'Slaking', ''),
('290', 'Nincada', ''),
('291', 'Ninjask', ''),
('292', 'Shedinja', ''),
('293', 'Whismur', ''),
('294', 'Loudred', ''),
('295', 'Exploud', ''),
('296', 'Makuhita', ''),
('297', 'Hariyama', ''),
('298', 'Azurill', ''),
('299', 'Nosepass', ''),
('300', 'Skitty', ''),
('301', 'Delcatty', ''),
('302', 'Sableye', ''),
('303', 'Mawile', ''),
('304', 'Aron', ''),
('305', 'Lairon', ''),
('306', 'Aggron', ''),
('307', 'Meditite', ''),
('308', 'Medicham', ''),
('309', 'Electrike', ''),
('310', 'Manectric', ''),
('311', 'Plusle', ''),
('312', 'Minun', ''),
('313', 'Volbeat', ''),
('314', 'Illumise', ''),
('315', 'Roselia', ''),
('316', 'Gulpin', ''),
('317', 'Swalot', ''),
('318', 'Carvanha', ''),
('319', 'Sharpedo', ''),
('320', 'Wailmer', ''),
('321', 'Wailord', ''),
('322', 'Numel', ''),
('323', 'Camerupt', ''),
('324', 'Torkoal', ''),
('325', 'Spoink', ''),
('326', 'Grumpig', ''),
('327', 'Spinda', '158754689,350968891,'),
('328', 'Trapinch', '158754689,'),
('329', 'Vibrava', ''),
('330', 'Flygon', ''),
('331', 'Cacnea', ''),
('332', 'Cacturne', ''),
('333', 'Swablu', ''),
('334', 'Altaria', ''),
('335', 'Zangoose', ''),
('336', 'Seviper', ''),
('337', 'Lunatone', ''),
('338', 'Solrock', ''),
('339', 'Barboach', ''),
('340', 'Whiscash', ''),
('341', 'Corphish', ''),
('342', 'Crawdaunt', ''),
('343', 'Baltoy', ''),
('344', 'Claydol', ''),
('345', 'Lileep', ''),
('346', 'Cradily', ''),
('347', 'Anorith', ''),
('348', 'Armaldo', ''),
('349', 'Feebas', '355300180,'),
('350', 'Milotic', ''),
('351', 'Castform', ''),
('352', 'Kecleon', ''),
('353', 'Shuppet', ''),
('354', 'Banette', ''),
('355', 'Duskull', ''),
('356', 'Dusclops', ''),
('357', 'Tropius', ''),
('358', 'Chimecho', ''),
('359', 'Absol', ''),
('360', 'Wynaut', ''),
('361', 'Snorunt', ''),
('362', 'Glalie', ''),
('363', 'Spheal', ''),
('364', 'Sealeo', ''),
('365', 'Walrein', ''),
('366', 'Clamperl', ''),
('367', 'Huntail', ''),
('368', 'Gorebyss', ''),
('369', 'Relicanth', ''),
('370', 'Luvdisc', ''),
('371', 'Bagon', ''),
('372', 'Shelgon', ''),
('373', 'Salamence', ''),
('374', 'Beldum', ''),
('375', 'Metang', ''),
('376', 'Metagross', ''),
('377', 'Regirock', ''),
('378', 'Regice', ''),
('379', 'Registeel', ''),
('380', 'Latias', ''),
('381', 'Latios', ''),
('382', 'Kyogre', ''),
('383', 'Groudon', ''),
('384', 'Rayquaza', ''),
('385', 'Jirachi', ''),
('386', 'Deoxys', ''),
('387', 'Turtwig', ''),
('388', 'Grotle', ''),
('389', 'Torterra', ''),
('390', 'Chimchar', ''),
('391', 'Monferno', ''),
('392', 'Infernape', ''),
('393', 'Piplup', ''),
('394', 'Prinplup', ''),
('395', 'Empoleon', ''),
('396', 'Starly', ''),
('397', 'Staravia', ''),
('398', 'Staraptor', ''),
('399', 'Bidoof', ''),
('400', 'Bibarel', ''),
('401', 'Kricketot', ''),
('402', 'Kricketune', ''),
('403', 'Shinx', ''),
('404', 'Luxio', ''),
('405', 'Luxray', ''),
('406', 'Budew', ''),
('407', 'Roserade', ''),
('408', 'Cranidos', ''),
('409', 'Rampardos', ''),
('410', 'Shieldon', ''),
('411', 'Bastiodon', ''),
('412', 'Burmy', ''),
('413', 'Wormadam', ''),
('414', 'Mothim', ''),
('415', 'Combee', ''),
('416', 'Vespiquen', ''),
('417', 'Pachirisu', ''),
('418', 'Buizel', ''),
('419', 'Floatzel', ''),
('420', 'Cherubi', ''),
('421', 'Cherrim', ''),
('422', 'Shellos', ''),
('423', 'Gastrodon', ''),
('424', 'Ambipom', ''),
('425', 'Drifloon', ''),
('426', 'Drifblim', ''),
('427', 'Buneary', ''),
('428', 'Lopunny', ''),
('429', 'Mismagius', ''),
('430', 'Honchkrow', ''),
('431', 'Glameow', ''),
('432', 'Purugly', ''),
('433', 'Chingling', ''),
('434', 'Stunky', ''),
('435', 'Skuntank', ''),
('436', 'Bronzor', ''),
('437', 'Bronzong', ''),
('438', 'Bonsly', ''),
('439', 'Mime Jr.', ''),
('440', 'Happiny', ''),
('441', 'Chatot', ''),
('442', 'Spiritomb', ''),
('443', 'Gible', ''),
('444', 'Gabite', ''),
('445', 'Garchomp', ''),
('446', 'Munchlax', ''),
('447', 'Riolu', ''),
('448', 'Lucario', ''),
('449', 'Hippopotas', ''),
('450', 'Hippowdon', ''),
('451', 'Skorupi', ''),
('452', 'Drapion', ''),
('453', 'Croagunk', ''),
('454', 'Toxicroak', ''),
('455', 'Carnivine', ''),
('456', 'Finneon', ''),
('457', 'Lumineon', ''),
('458', 'Mantyke', ''),
('459', 'Snover', ''),
('460', 'Abomasnow', ''),
('461', 'Weavile', ''),
('462', 'Magnezone', ''),
('463', 'Lickilicky', ''),
('464', 'Rhyperior', ''),
('465', 'Tangrowth', ''),
('466', 'Electivire', ''),
('467', 'Magmortar', ''),
('468', 'Togekiss', ''),
('469', 'Yanmega', ''),
('470', 'Leafeon', ''),
('471', 'Glaceon', ''),
('472', 'Gliscor', ''),
('473', 'Mamoswine', ''),
('474', 'Porygon-Z', ''),
('475', 'Gallade', ''),
('476', 'Probopass', ''),
('477', 'Dusknoir', ''),
('478', 'Froslass', ''),
('479', 'Rotom', ''),
('480', 'Uxie', ''),
('481', 'Mesprit', ''),
('482', 'Azelf', ''),
('483', 'Dialga', ''),
('484', 'Palkia', ''),
('485', 'Heatran', ''),
('486', 'Regigigas', ''),
('487', 'Giratina', ''),
('488', 'Cresselia', ''),
('489', 'Phione', ''),
('490', 'Manaphy', ''),
('491', 'Darkrai', ''),
('492', 'Shaymin', ''),
('493', 'Arceus', ''),
('494', 'Victini', ''),
('495', 'Snivy', ''),
('496', 'Servine', ''),
('497', 'Serperior', ''),
('498', 'Tepig', ''),
('499', 'Pignite', ''),
('500', 'Emboar', ''),
('501', 'Oshawott', ''),
('502', 'Dewott', ''),
('503', 'Samurott', ''),
('504', 'Patrat', ''),
('505', 'Watchog', ''),
('506', 'Lillipup', ''),
('507', 'Herdier', ''),
('508', 'Stoutland', ''),
('509', 'Purrloin', ''),
('510', 'Liepard', ''),
('511', 'Pansage', ''),
('512', 'Simisage', ''),
('513', 'Pansear', ''),
('514', 'Simisear', ''),
('515', 'Panpour', ''),
('516', 'Simipour', ''),
('517', 'Munna', ''),
('518', 'Musharna', ''),
('519', 'Pidove', ''),
('520', 'Tranquill', ''),
('521', 'Unfezant', ''),
('522', 'Blitzle', ''),
('523', 'Zebstrika', ''),
('524', 'Roggenrola', ''),
('525', 'Boldore', ''),
('526', 'Gigalith', ''),
('527', 'Woobat', ''),
('528', 'Swoobat', ''),
('529', 'Drilbur', ''),
('530', 'Excadrill', ''),
('531', 'Audino', ''),
('532', 'Timburr', ''),
('533', 'Gurdurr', ''),
('534', 'Conkeldurr', ''),
('535', 'Tympole', ''),
('536', 'Palpitoad', ''),
('537', 'Seismitoad', ''),
('538', 'Throh', ''),
('539', 'Sawk', ''),
('540', 'Sewaddle', ''),
('541', 'Swadloon', ''),
('542', 'Leavanny', ''),
('543', 'Venipede', ''),
('544', 'Whirlipede', ''),
('545', 'Scolipede', ''),
('546', 'Cottonee', ''),
('547', 'Whimsicott', ''),
('548', 'Petilil', ''),
('549', 'Lilligant', ''),
('550', 'Basculin', ''),
('551', 'Sandile', ''),
('552', 'Krokorok', ''),
('553', 'Krookodile', ''),
('554', 'Darumaka', ''),
('555', 'Darmanitan', ''),
('556', 'Maractus', ''),
('557', 'Dwebble', ''),
('558', 'Crustle', ''),
('559', 'Scraggy', ''),
('560', 'Scrafty', ''),
('561', 'Sigilyph', ''),
('562', 'Yamask', ''),
('563', 'Cofagrigus', ''),
('564', 'Tirtouga', ''),
('565', 'Carracosta', ''),
('566', 'Archen', ''),
('567', 'Archeops', ''),
('568', 'Trubbish', ''),
('569', 'Garbodor', ''),
('570', 'Zorua', ''),
('571', 'Zoroark', ''),
('572', 'Minccino', ''),
('573', 'Ciccino', ''),
('574', 'Gothita', ''),
('575', 'Gothorita', ''),
('576', 'Gothitelle', ''),
('577', 'Solosis', ''),
('578', 'Duosion', ''),
('579', 'Reuniclus', ''),
('580', 'Ducklett', ''),
('581', 'Swanna', ''),
('582', 'Vanillite', ''),
('583', 'Vanillish', ''),
('584', 'Vanilluxe', ''),
('585', 'Deerling', ''),
('586', 'Sawsbuck', ''),
('587', 'Emolga', ''),
('588', 'Karrablast', ''),
('589', 'Escavalier', ''),
('590', 'Foongus', ''),
('591', 'Amoonguss', ''),
('592', 'Frillish', ''),
('593', 'Jellicent', ''),
('594', 'Alomomola', ''),
('595', 'Joltik', ''),
('596', 'Galvantula', ''),
('597', 'Ferroseed', ''),
('598', 'Ferrothorn', ''),
('599', 'Klink', ''),
('600', 'Klang', ''),
('601', 'Klinklang', ''),
('602', 'Tynamo', ''),
('603', 'Eelektrik', ''),
('604', 'Eelektross', ''),
('605', 'Elgyem', ''),
('606', 'Beheeyem', ''),
('607', 'Litwick', ''),
('608', 'Lampent', ''),
('609', 'Chandelure', ''),
('610', 'Axew', ''),
('611', 'Fraxure', ''),
('612', 'Haxorus', ''),
('613', 'Cubchoo', ''),
('614', 'Beartic', ''),
('615', 'Cryogonal', ''),
('616', 'Shelmet', ''),
('617', 'Accelgor', ''),
('618', 'Stunfisk', ''),
('619', 'Mienfoo', ''),
('620', 'Mienshao', ''),
('621', 'Druddigon', ''),
('622', 'Golett', ''),
('623', 'Golurk', ''),
('624', 'Pawniard', ''),
('625', 'Bisharp', ''),
('626', 'Bouffalant', ''),
('627', 'Rufflet', ''),
('628', 'Braviary', ''),
('629', 'Vullaby', ''),
('630', 'Mandibuzz', ''),
('631', 'Heatmor', ''),
('632', 'Durant', ''),
('633', 'Deino', ''),
('634', 'Zweilous', ''),
('635', 'Hydreigon', ''),
('636', 'Larvesta', ''),
('637', 'Volcarona', ''),
('638', 'Cobalion', ''),
('639', 'Terrakion', ''),
('640', 'Virizion', ''),
('641', 'Tornadus', ''),
('642', 'Thundurus', ''),
('643', 'Reshiram', ''),
('644', 'Zekrom', ''),
('645', 'Landorus', ''),
('646', 'Kyurem', ''),
('647', 'Keldeo', ''),
('648', 'Meloetta', ''),
('649', 'Genesect', ''),
('650', 'Chespin', ''),
('651', 'Quilladin', ''),
('652', 'Chesnaught', ''),
('653', 'Fennekin', ''),
('654', 'Braixen', ''),
('655', 'Delphox', ''),
('656', 'Froakie', ''),
('657', 'Frogadier', ''),
('658', 'Greninja', ''),
('659', 'Bunnelby', ''),
('660', 'Diggersby', ''),
('661', 'Fletchling', ''),
('662', 'Fletchinder', ''),
('663', 'Talonflame', ''),
('664', 'Scatterbug', ''),
('665', 'Spewpa', ''),
('666', 'Vivillon', ''),
('667', 'Litleo', ''),
('668', 'Pyroar', ''),
('669', 'Flab?b', ''),
('670', 'Floette', ''),
('671', 'Florges', ''),
('672', 'Skiddo', ''),
('673', 'Gogoat', ''),
('674', 'Pancham', ''),
('675', 'Pangoro', ''),
('676', 'Furfrou', ''),
('677', 'Espurr', ''),
('678', 'Meowstic', ''),
('679', 'Honedge', ''),
('680', 'Doublade', ''),
('681', 'Aegislash', ''),
('682', 'Spritzee', ''),
('683', 'Aromatisse', ''),
('684', 'Swirlix', ''),
('685', 'Slurpuff', ''),
('686', 'Inkay', ''),
('687', 'Malamar', ''),
('688', 'Binacle', ''),
('689', 'Barbaracle', ''),
('690', 'Skrelp', ''),
('691', 'Dragalge', ''),
('692', 'Clauncher', ''),
('693', 'Clawitzer', ''),
('694', 'Helioptile', ''),
('695', 'Heliolisk', ''),
('696', 'Tyrunt', ''),
('697', 'Tyrantrum', ''),
('698', 'Amaura', ''),
('699', 'Aurorus', ''),
('700', 'Sylveon', ''),
('701', 'Hawlucha', ''),
('702', 'Dedenne', ''),
('703', 'Carbink', ''),
('704', 'Goomy', ''),
('705', 'Sliggoo', ''),
('706', 'Goodra', ''),
('707', 'Klefki', ''),
('708', 'Phantump', ''),
('709', 'Trevenant', ''),
('710', 'Pumpkaboo', ''),
('711', 'Gourgeist', ''),
('712', 'Bermite', ''),
('713', 'Avalugg', ''),
('714', 'Noibat', ''),
('715', 'Noivern', ''),
('716', 'Xerneas', ''),
('717', 'Yveltal', ''),
('718', 'Zygarde', ''),
('719', 'Diancie', ''),
('720', 'Hoopa', ''),
('721', 'Volcanion', ''),
('722', 'Rowlet', ''),
('723', 'Dartrix', ''),
('724', 'Decidueye', ''),
('725', 'Litten', ''),
('726', 'Torracat', ''),
('727', 'Incineroar', ''),
('728', 'Popplio', ''),
('729', 'Brionne', ''),
('730', 'Primarina', ''),
('731', 'Pikipek', ''),
('732', 'Trumbeak', ''),
('733', 'Toucannon', ''),
('734', 'Yungoos', ''),
('735', 'Gumshoos', ''),
('736', 'Grubbin', ''),
('737', 'Charjabug', ''),
('738', 'Vikavolt', ''),
('739', 'Crabrawler', ''),
('740', 'Crabominable', ''),
('741', 'Oricorio', ''),
('742', 'Cutiefly', ''),
('743', 'Ribombee', ''),
('744', 'Rockruff', ''),
('745', 'Lycanroc', ''),
('746', 'Wishiwashi', ''),
('747', 'Mareanie', ''),
('748', 'Toxapex', ''),
('749', 'Mudbray', ''),
('750', 'Mudsdale', ''),
('751', 'Dewpider', ''),
('752', 'Araquanid', ''),
('753', 'Fomantis', ''),
('754', 'Lurantis', ''),
('755', 'Morelull', ''),
('756', 'Shiinotic', ''),
('757', 'Salandit', ''),
('758', 'Salazzle', ''),
('759', 'Stufful', ''),
('760', 'Bewear', ''),
('761', 'Bounsweet', ''),
('762', 'Steenee', ''),
('763', 'Tsareena', ''),
('764', 'Comfey', ''),
('765', 'Oranguru', ''),
('766', 'Passimian', ''),
('767', 'Wimpod', ''),
('768', 'Golisopod', ''),
('769', 'Sandygast', ''),
('770', 'Palossand', ''),
('771', 'Pyukumuku', ''),
('772', 'Type: Null', ''),
('773', 'Silvally', ''),
('774', 'Minior', ''),
('775', 'Komala', ''),
('776', 'Turtonator', ''),
('777', 'Togedemaru', ''),
('778', 'Mimikyu', ''),
('779', 'Bruxish', ''),
('780', 'Drampa', ''),
('781', 'Dhelmise', ''),
('782', 'Jangmo-o', ''),
('783', 'Hakamo-o', ''),
('784', 'Kommo-o', ''),
('785', 'Tapu Koko', ''),
('786', 'Tapu Lele', ''),
('787', 'Tapu Bulu', ''),
('788', 'Tapu Fini', ''),
('789', 'Cosmog', ''),
('790', 'Cosmoem', ''),
('791', 'Solgaleo', ''),
('792', 'Lunala', ''),
('793', 'Nihilego', ''),
('794', 'Buzzwole', ''),
('795', 'Pheromosa', ''),
('796', 'Xurkitree', ''),
('797', 'Celesteela', ''),
('798', 'Kartana', ''),
('799', 'Guzzlord', ''),
('800', 'Necrozma', ''),
('801', 'Magearna', ''),
('802', 'Marshadow', ''),
('000', 'Starter', '158754689,');

-- --------------------------------------------------------

--
-- Struttura della tabella `quests`
--

CREATE TABLE `quests` (
  `quest` varchar(75) CHARACTER SET utf8 COLLATE utf8_general_ci NOT NULL,
  `pokestop` varchar(50) CHARACTER SET utf8 COLLATE utf8_general_ci NOT NULL,
  `lat` varchar(15) CHARACTER SET utf8 COLLATE utf8_general_ci NOT NULL,
  `lng` varchar(15) CHARACTER SET utf8 COLLATE utf8_general_ci NOT NULL,
  `zona` varchar(64) CHARACTER SET utf8 COLLATE utf8_general_ci NOT NULL,
  `giorno` varchar(10) CHARACTER SET utf8 COLLATE utf8_general_ci NOT NULL
) ENGINE=InnoDB DEFAULT CHARSET=utf8 ROW_FORMAT=COMPACT;

--
-- Dump dei dati per la tabella `quests`
--

INSERT INTO `quests` (`quest`, `pokestop`, `lat`, `lng`, `zona`, `giorno`) VALUES
('Aerodactyl (usa strumento)', 'Murales Torta', '41.930841', '12.522769', 'Centro, Libia, ', '2019-01-26'),
('Aerodactyl (strumento)', 'Chronotime Murales', '41.929871', '12.523334', 'Centro, Libia, ', '2019-01-26'),
('Aerodactyl strumento', 'Stemma Spqr', '41.946208', '12.535445', 'Nord-Est, Tufello, ', '2019-01-26'),
('Trapinch', 'Ice Cream Statue', '41.931532', '12.518747', 'Centro, Libia, ', '2019-01-26'),
('5 baccananas argento (gira 10 pokestop)', 'Millepiedi Murales', '41.931560', '12.520027', 'Centro, Libia, ', '2019-01-26');

-- --------------------------------------------------------

--
-- Struttura della tabella `roma_c`
--

CREATE TABLE `roma_c` (
  `ID` int(2) DEFAULT NULL,
  `hour` varchar(5) DEFAULT NULL,
  `AW1` varchar(38) DEFAULT NULL,
  `wind_1` decimal(3,1) DEFAULT NULL,
  `gust_1` decimal(3,1) DEFAULT NULL,
  `AW2` varchar(38) DEFAULT NULL,
  `wind_2` decimal(3,1) DEFAULT NULL,
  `gust_2` decimal(3,1) DEFAULT NULL
) ENGINE=InnoDB DEFAULT CHARSET=utf8 ROW_FORMAT=COMPACT;

--
-- Dump dei dati per la tabella `roma_c`
--

INSERT INTO `roma_c` (`ID`, `hour`, `AW1`, `wind_1`, `gust_1`, `AW2`, `wind_2`, `gust_2`) VALUES
(0, '00:00', 'x', '0.0', '0.0', 'Prevalentemente sereno', '5.6', '9.3'),
(1, '01:00', 'x', '0.0', '0.0', 'Parzialmente nuvoloso', '3.7', '7.4'),
(2, '02:00', 'x', '0.0', '0.0', 'Parzialmente nuvoloso', '5.6', '7.4'),
(3, '03:00', 'x', '0.0', '0.0', 'Parzialmente nuvoloso', '5.6', '9.3'),
(4, '04:00', 'x', '0.0', '0.0', 'Parzialmente nuvoloso', '7.4', '11.1'),
(5, '05:00', 'x', '0.0', '0.0', 'Parzialmente nuvoloso', '9.3', '11.1'),
(6, '06:00', 'x', '0.0', '0.0', 'x', '0.0', '0.0'),
(7, '07:00', 'x', '0.0', '0.0', 'x', '0.0', '0.0'),
(8, '08:00', 'x', '0.0', '0.0', 'x', '0.0', '0.0'),
(9, '09:00', 'x', '0.0', '0.0', 'x', '0.0', '0.0'),
(10, '10:00', 'x', '0.0', '0.0', 'Parzialmente soleggiato', '18.5', '31.5'),
(11, '11:00', 'x', '0.0', '0.0', 'Soleggiato', '14.8', '27.8'),
(12, '12:00', 'Parzialmente soleggiato', '16.7', '22.2', 'Soleggiato', '18.5', '25.9'),
(13, '13:00', 'Parzialmente soleggiato', '16.7', '22.2', 'Prevalentemente soleggiato', '20.4', '25.9'),
(14, '14:00', 'Parzialmente soleggiato', '16.7', '22.2', 'Prevalentemente soleggiato', '16.7', '27.8'),
(15, '15:00', 'Parzialmente soleggiato', '14.8', '22.2', 'Parzialmente soleggiato', '18.5', '24.1'),
(16, '16:00', 'Parzialmente soleggiato', '14.8', '20.4', 'Parzialmente soleggiato', '14.8', '20.4'),
(17, '17:00', 'Parzialmente soleggiato', '13.0', '18.5', 'Parzialmente soleggiato', '14.8', '25.9'),
(18, '18:00', 'Parzialmente nuvoloso', '13.0', '16.7', 'Parzialmente nuvoloso', '14.8', '22.2'),
(19, '19:00', 'Nuvole intermittenti', '11.1', '16.7', 'Prevalentemente sereno', '13.0', '18.5'),
(20, '20:00', 'Nuvole intermittenti', '9.3', '14.8', 'Prevalentemente sereno', '11.1', '16.7'),
(21, '21:00', 'x', '0.0', '0.0', 'Prevalentemente sereno', '9.3', '13.0'),
(22, '22:00', 'x', '0.0', '0.0', 'Prevalentemente sereno', '9.3', '13.0'),
(23, '23:00', 'x', '0.0', '0.0', 'Prevalentemente sereno', '7.4', '11.1');

-- --------------------------------------------------------

--
-- Struttura della tabella `roma_e`
--

CREATE TABLE `roma_e` (
  `ID` int(2) DEFAULT NULL,
  `hour` varchar(5) CHARACTER SET utf8 COLLATE utf8_general_ci DEFAULT NULL,
  `AW1` varchar(38) CHARACTER SET utf8 COLLATE utf8_general_ci DEFAULT NULL,
  `wind_1` decimal(3,1) DEFAULT NULL,
  `gust_1` decimal(3,1) DEFAULT NULL,
  `AW2` varchar(38) CHARACTER SET utf8 COLLATE utf8_general_ci DEFAULT NULL,
  `wind_2` decimal(3,1) DEFAULT NULL,
  `gust_2` decimal(3,1) DEFAULT NULL
) ENGINE=InnoDB DEFAULT CHARSET=latin1;

--
-- Dump dei dati per la tabella `roma_e`
--

INSERT INTO `roma_e` (`ID`, `hour`, `AW1`, `wind_1`, `gust_1`, `AW2`, `wind_2`, `gust_2`) VALUES
(0, '00:00', 'x', '0.0', '0.0', 'Prevalentemente sereno', '7.4', '11.1'),
(1, '01:00', 'x', '0.0', '0.0', 'Parzialmente nuvoloso', '7.4', '9.3'),
(2, '02:00', 'x', '0.0', '0.0', 'Parzialmente nuvoloso', '9.3', '9.3'),
(3, '03:00', 'x', '0.0', '0.0', 'Parzialmente nuvoloso', '7.4', '9.3'),
(4, '04:00', 'x', '0.0', '0.0', 'Parzialmente nuvoloso', '7.4', '11.1'),
(5, '05:00', 'x', '0.0', '0.0', 'Parzialmente nuvoloso', '9.3', '13.0'),
(6, '06:00', 'x', '0.0', '0.0', 'x', '0.0', '0.0'),
(7, '07:00', 'x', '0.0', '0.0', 'x', '0.0', '0.0'),
(8, '08:00', 'x', '0.0', '0.0', 'x', '0.0', '0.0'),
(9, '09:00', 'x', '0.0', '0.0', 'x', '0.0', '0.0'),
(10, '10:00', 'x', '0.0', '0.0', 'Parzialmente soleggiato', '14.8', '16.7'),
(11, '11:00', 'x', '0.0', '0.0', 'Soleggiato', '14.8', '16.7'),
(12, '12:00', 'Parzialmente soleggiato', '20.4', '25.9', 'Soleggiato', '18.5', '20.4'),
(13, '13:00', 'Parzialmente soleggiato', '22.2', '22.2', 'Soleggiato', '18.5', '18.5'),
(14, '14:00', 'Parzialmente soleggiato', '20.4', '22.2', 'Prevalentemente soleggiato', '20.4', '24.1'),
(15, '15:00', 'Parzialmente soleggiato', '20.4', '22.2', 'Parzialmente soleggiato', '20.4', '22.2'),
(16, '16:00', 'Parzialmente soleggiato', '18.5', '20.4', 'Parzialmente soleggiato', '16.7', '20.4'),
(17, '17:00', 'Parzialmente soleggiato', '18.5', '20.4', 'Parzialmente soleggiato', '13.0', '14.8'),
(18, '18:00', 'Parzialmente nuvoloso', '14.8', '18.5', 'Nuvole intermittenti', '14.8', '18.5'),
(19, '19:00', 'Nuvole intermittenti', '14.8', '16.7', 'Prevalentemente sereno', '13.0', '16.7'),
(20, '20:00', 'Prevalentemente nuvoloso', '13.0', '14.8', 'Prevalentemente sereno', '13.0', '14.8'),
(21, '21:00', 'x', '0.0', '0.0', 'Prevalentemente sereno', '11.1', '13.0'),
(22, '22:00', 'x', '0.0', '0.0', 'Prevalentemente sereno', '7.4', '13.0'),
(23, '23:00', 'x', '0.0', '0.0', 'Prevalentemente sereno', '5.6', '11.1');

-- --------------------------------------------------------

--
-- Struttura della tabella `roma_n`
--

CREATE TABLE `roma_n` (
  `ID` int(2) DEFAULT NULL,
  `hour` varchar(5) CHARACTER SET utf8 COLLATE utf8_general_ci DEFAULT NULL,
  `AW1` varchar(38) CHARACTER SET utf8 COLLATE utf8_general_ci DEFAULT NULL,
  `wind_1` decimal(3,1) DEFAULT NULL,
  `gust_1` decimal(3,1) DEFAULT NULL,
  `AW2` varchar(38) CHARACTER SET utf8 COLLATE utf8_general_ci DEFAULT NULL,
  `wind_2` decimal(3,1) DEFAULT NULL,
  `gust_2` decimal(3,1) DEFAULT NULL
) ENGINE=InnoDB DEFAULT CHARSET=latin1;

--
-- Dump dei dati per la tabella `roma_n`
--

INSERT INTO `roma_n` (`ID`, `hour`, `AW1`, `wind_1`, `gust_1`, `AW2`, `wind_2`, `gust_2`) VALUES
(0, '00:00', 'x', '0.0', '0.0', 'Parzialmente nuvoloso', '3.7', '9.3'),
(1, '01:00', 'x', '0.0', '0.0', 'Parzialmente nuvoloso', '3.7', '7.4'),
(2, '02:00', 'x', '0.0', '0.0', 'Parzialmente nuvoloso', '1.9', '5.6'),
(3, '03:00', 'x', '0.0', '0.0', 'Prevalentemente sereno', '1.9', '5.6'),
(4, '04:00', 'x', '0.0', '0.0', 'Sereno', '3.7', '7.4'),
(5, '05:00', 'x', '0.0', '0.0', 'Parzialmente nuvoloso', '3.7', '9.3'),
(6, '06:00', 'x', '0.0', '0.0', 'x', '0.0', '0.0'),
(7, '07:00', 'x', '0.0', '0.0', 'x', '0.0', '0.0'),
(8, '08:00', 'x', '0.0', '0.0', 'x', '0.0', '0.0'),
(9, '09:00', 'x', '0.0', '0.0', 'x', '0.0', '0.0'),
(10, '10:00', 'x', '0.0', '0.0', 'Soleggiato', '22.2', '24.1'),
(11, '11:00', 'x', '0.0', '0.0', 'Soleggiato', '20.4', '22.2'),
(12, '12:00', 'Parzialmente soleggiato', '20.4', '24.1', 'Soleggiato', '24.1', '25.9'),
(13, '13:00', 'Parzialmente soleggiato', '22.2', '24.1', 'Soleggiato', '22.2', '24.1'),
(14, '14:00', 'Parzialmente soleggiato', '20.4', '22.2', 'Prevalentemente soleggiato', '22.2', '27.8'),
(15, '15:00', 'Parzialmente soleggiato', '24.1', '25.9', 'Parzialmente soleggiato', '18.5', '24.1'),
(16, '16:00', 'Parzialmente soleggiato', '22.2', '24.1', 'Prevalentemente nuvoloso', '16.7', '18.5'),
(17, '17:00', 'Parzialmente soleggiato', '18.5', '20.4', 'Nuvole intermittenti', '16.7', '16.7'),
(18, '18:00', 'Parzialmente nuvoloso', '14.8', '16.7', 'Nuvole intermittenti', '11.1', '13.0'),
(19, '19:00', 'Nuvole intermittenti', '16.7', '16.7', 'Prevalentemente nuvoloso', '9.3', '13.0'),
(20, '20:00', 'Prevalentemente nuvoloso', '13.0', '14.8', 'Prevalentemente nuvoloso', '9.3', '13.0'),
(21, '21:00', 'x', '0.0', '0.0', 'Nuvole intermittenti', '7.4', '11.1'),
(22, '22:00', 'x', '0.0', '0.0', 'Nuvole intermittenti', '5.6', '13.0'),
(23, '23:00', 'x', '0.0', '0.0', 'Nuvole intermittenti', '5.6', '11.1');

-- --------------------------------------------------------

--
-- Struttura della tabella `roma_ne`
--

CREATE TABLE `roma_ne` (
  `ID` int(2) DEFAULT NULL,
  `hour` varchar(5) CHARACTER SET utf8 COLLATE utf8_general_ci DEFAULT NULL,
  `AW1` varchar(38) CHARACTER SET utf8 COLLATE utf8_general_ci DEFAULT NULL,
  `wind_1` decimal(3,1) DEFAULT NULL,
  `gust_1` decimal(3,1) DEFAULT NULL,
  `AW2` varchar(38) CHARACTER SET utf8 COLLATE utf8_general_ci DEFAULT NULL,
  `wind_2` decimal(3,1) DEFAULT NULL,
  `gust_2` decimal(3,1) DEFAULT NULL
) ENGINE=InnoDB DEFAULT CHARSET=latin1;

--
-- Dump dei dati per la tabella `roma_ne`
--

INSERT INTO `roma_ne` (`ID`, `hour`, `AW1`, `wind_1`, `gust_1`, `AW2`, `wind_2`, `gust_2`) VALUES
(0, '00:00', 'x', '0.0', '0.0', 'Parzialmente nuvoloso', '3.7', '9.3'),
(1, '01:00', 'x', '0.0', '0.0', 'Parzialmente nuvoloso', '3.7', '7.4'),
(2, '02:00', 'x', '0.0', '0.0', 'Parzialmente nuvoloso', '1.9', '5.6'),
(3, '03:00', 'x', '0.0', '0.0', 'Prevalentemente sereno', '1.9', '5.6'),
(4, '04:00', 'x', '0.0', '0.0', 'Sereno', '3.7', '7.4'),
(5, '05:00', 'x', '0.0', '0.0', 'Parzialmente nuvoloso', '3.7', '9.3'),
(6, '06:00', 'x', '0.0', '0.0', 'x', '0.0', '0.0'),
(7, '07:00', 'x', '0.0', '0.0', 'x', '0.0', '0.0'),
(8, '08:00', 'x', '0.0', '0.0', 'x', '0.0', '0.0'),
(9, '09:00', 'x', '0.0', '0.0', 'x', '0.0', '0.0'),
(10, '10:00', 'x', '0.0', '0.0', 'Prevalentemente soleggiato', '16.7', '20.4'),
(11, '11:00', 'x', '0.0', '0.0', 'Soleggiato', '14.8', '18.5'),
(12, '12:00', 'Parzialmente soleggiato', '20.4', '24.1', 'Soleggiato', '24.1', '25.9'),
(13, '13:00', 'Parzialmente soleggiato', '22.2', '24.1', 'Soleggiato', '22.2', '24.1'),
(14, '14:00', 'Parzialmente soleggiato', '20.4', '22.2', 'Prevalentemente soleggiato', '22.2', '27.8'),
(15, '15:00', 'Parzialmente soleggiato', '24.1', '25.9', 'Parzialmente soleggiato', '18.5', '24.1'),
(16, '16:00', 'Parzialmente soleggiato', '22.2', '24.1', 'Prevalentemente nuvoloso', '16.7', '18.5'),
(17, '17:00', 'Parzialmente soleggiato', '18.5', '20.4', 'Nuvole intermittenti', '16.7', '16.7'),
(18, '18:00', 'Parzialmente nuvoloso', '14.8', '16.7', 'Nuvole intermittenti', '11.1', '13.0'),
(19, '19:00', 'Nuvole intermittenti', '16.7', '16.7', 'Prevalentemente nuvoloso', '9.3', '13.0'),
(20, '20:00', 'Prevalentemente nuvoloso', '13.0', '14.8', 'Prevalentemente nuvoloso', '9.3', '13.0'),
(21, '21:00', 'x', '0.0', '0.0', 'Nuvole intermittenti', '7.4', '11.1'),
(22, '22:00', 'x', '0.0', '0.0', 'Nuvole intermittenti', '5.6', '13.0'),
(23, '23:00', 'x', '0.0', '0.0', 'Nuvole intermittenti', '5.6', '11.1');

-- --------------------------------------------------------

--
-- Struttura della tabella `roma_no`
--

CREATE TABLE `roma_no` (
  `ID` int(2) DEFAULT NULL,
  `hour` varchar(5) CHARACTER SET utf8 COLLATE utf8_general_ci DEFAULT NULL,
  `AW1` varchar(38) CHARACTER SET utf8 COLLATE utf8_general_ci DEFAULT NULL,
  `wind_1` decimal(3,1) DEFAULT NULL,
  `gust_1` decimal(3,1) DEFAULT NULL,
  `AW2` varchar(38) CHARACTER SET utf8 COLLATE utf8_general_ci DEFAULT NULL,
  `wind_2` decimal(3,1) DEFAULT NULL,
  `gust_2` decimal(3,1) DEFAULT NULL
) ENGINE=InnoDB DEFAULT CHARSET=latin1;

--
-- Dump dei dati per la tabella `roma_no`
--

INSERT INTO `roma_no` (`ID`, `hour`, `AW1`, `wind_1`, `gust_1`, `AW2`, `wind_2`, `gust_2`) VALUES
(0, '00:00', 'x', '0.0', '0.0', 'Prevalentemente sereno', '5.6', '9.3'),
(1, '01:00', 'x', '0.0', '0.0', 'Parzialmente nuvoloso', '3.7', '7.4'),
(2, '02:00', 'x', '0.0', '0.0', 'Parzialmente nuvoloso', '5.6', '5.6'),
(3, '03:00', 'x', '0.0', '0.0', 'Parzialmente nuvoloso', '5.6', '9.3'),
(4, '04:00', 'x', '0.0', '0.0', 'Parzialmente nuvoloso', '7.4', '9.3'),
(5, '05:00', 'x', '0.0', '0.0', 'Parzialmente nuvoloso', '9.3', '11.1'),
(6, '06:00', 'x', '0.0', '0.0', 'x', '0.0', '0.0'),
(7, '07:00', 'x', '0.0', '0.0', 'x', '0.0', '0.0'),
(8, '08:00', 'x', '0.0', '0.0', 'x', '0.0', '0.0'),
(9, '09:00', 'x', '0.0', '0.0', 'x', '0.0', '0.0'),
(10, '10:00', 'x', '0.0', '0.0', 'Parzialmente soleggiato', '20.4', '31.5'),
(11, '11:00', 'x', '0.0', '0.0', 'Soleggiato', '14.8', '18.5'),
(12, '12:00', 'Parzialmente soleggiato', '16.7', '24.1', 'Soleggiato', '18.5', '25.9'),
(13, '13:00', 'Parzialmente soleggiato', '16.7', '22.2', 'Prevalentemente soleggiato', '20.4', '25.9'),
(14, '14:00', 'Parzialmente soleggiato', '16.7', '22.2', 'Prevalentemente soleggiato', '16.7', '27.8'),
(15, '15:00', 'Parzialmente soleggiato', '16.7', '22.2', 'Parzialmente soleggiato', '18.5', '24.1'),
(16, '16:00', 'Parzialmente soleggiato', '14.8', '20.4', 'Parzialmente soleggiato', '14.8', '20.4'),
(17, '17:00', 'Parzialmente soleggiato', '13.0', '18.5', 'Parzialmente soleggiato', '14.8', '25.9'),
(18, '18:00', 'Parzialmente nuvoloso', '13.0', '18.5', 'Parzialmente nuvoloso', '14.8', '22.2'),
(19, '19:00', 'Nuvole intermittenti', '11.1', '16.7', 'Prevalentemente sereno', '13.0', '18.5'),
(20, '20:00', 'Nuvole intermittenti', '9.3', '14.8', 'Prevalentemente sereno', '11.1', '16.7'),
(21, '21:00', 'x', '0.0', '0.0', 'Prevalentemente sereno', '9.3', '14.8'),
(22, '22:00', 'x', '0.0', '0.0', 'Prevalentemente sereno', '9.3', '13.0'),
(23, '23:00', 'x', '0.0', '0.0', 'Prevalentemente sereno', '7.4', '11.1');

-- --------------------------------------------------------

--
-- Struttura della tabella `roma_o`
--

CREATE TABLE `roma_o` (
  `ID` int(2) DEFAULT NULL,
  `hour` varchar(5) CHARACTER SET utf8 COLLATE utf8_general_ci DEFAULT NULL,
  `AW1` varchar(38) CHARACTER SET utf8 COLLATE utf8_general_ci DEFAULT NULL,
  `wind_1` decimal(3,1) DEFAULT NULL,
  `gust_1` decimal(3,1) DEFAULT NULL,
  `AW2` varchar(38) CHARACTER SET utf8 COLLATE utf8_general_ci DEFAULT NULL,
  `wind_2` decimal(3,1) DEFAULT NULL,
  `gust_2` decimal(3,1) DEFAULT NULL
) ENGINE=InnoDB DEFAULT CHARSET=latin1;

--
-- Dump dei dati per la tabella `roma_o`
--

INSERT INTO `roma_o` (`ID`, `hour`, `AW1`, `wind_1`, `gust_1`, `AW2`, `wind_2`, `gust_2`) VALUES
(0, '00:00', 'x', '0.0', '0.0', 'Prevalentemente sereno', '5.6', '9.3'),
(1, '01:00', 'x', '0.0', '0.0', 'Parzialmente nuvoloso', '3.7', '7.4'),
(2, '02:00', 'x', '0.0', '0.0', 'Parzialmente nuvoloso', '5.6', '5.6'),
(3, '03:00', 'x', '0.0', '0.0', 'Parzialmente nuvoloso', '5.6', '9.3'),
(4, '04:00', 'x', '0.0', '0.0', 'Parzialmente nuvoloso', '7.4', '9.3'),
(5, '05:00', 'x', '0.0', '0.0', 'x', '0.0', '0.0'),
(6, '06:00', 'x', '0.0', '0.0', 'x', '0.0', '0.0'),
(7, '07:00', 'x', '0.0', '0.0', 'x', '0.0', '0.0'),
(8, '08:00', 'x', '0.0', '0.0', 'x', '0.0', '0.0'),
(9, '09:00', 'x', '0.0', '0.0', 'Parzialmente soleggiato', '20.4', '31.5'),
(10, '10:00', 'x', '0.0', '0.0', 'Soleggiato', '14.8', '18.5'),
(11, '11:00', 'x', '0.0', '0.0', 'Soleggiato', '20.4', '27.8'),
(12, '12:00', 'Parzialmente soleggiato', '16.7', '24.1', 'Soleggiato', '22.2', '29.6'),
(13, '13:00', 'Parzialmente soleggiato', '16.7', '22.2', 'Prevalentemente soleggiato', '18.5', '33.3'),
(14, '14:00', 'Parzialmente soleggiato', '16.7', '22.2', 'Prevalentemente soleggiato', '20.4', '27.8'),
(15, '15:00', 'Parzialmente soleggiato', '16.7', '22.2', 'Parzialmente soleggiato', '16.7', '22.2'),
(16, '16:00', 'Parzialmente soleggiato', '14.8', '20.4', 'Parzialmente soleggiato', '16.7', '27.8'),
(17, '17:00', 'Parzialmente soleggiato', '13.0', '18.5', 'Parzialmente soleggiato', '16.7', '24.1'),
(18, '18:00', 'Parzialmente nuvoloso', '13.0', '18.5', 'Parzialmente nuvoloso', '14.8', '22.2'),
(19, '19:00', 'Nuvole intermittenti', '11.1', '16.7', 'Prevalentemente sereno', '13.0', '18.5'),
(20, '20:00', 'x', '0.0', '0.0', 'Prevalentemente sereno', '11.1', '16.7'),
(21, '21:00', 'x', '0.0', '0.0', 'Prevalentemente sereno', '9.3', '14.8'),
(22, '22:00', 'x', '0.0', '0.0', 'Prevalentemente sereno', '9.3', '13.0'),
(23, '23:00', 'x', '0.0', '0.0', 'Prevalentemente sereno', '7.4', '11.1');

-- --------------------------------------------------------

--
-- Struttura della tabella `roma_s`
--

CREATE TABLE `roma_s` (
  `ID` int(2) DEFAULT NULL,
  `hour` varchar(5) CHARACTER SET utf8 COLLATE utf8_general_ci DEFAULT NULL,
  `AW1` varchar(38) CHARACTER SET utf8 COLLATE utf8_general_ci DEFAULT NULL,
  `wind_1` decimal(3,1) DEFAULT NULL,
  `gust_1` decimal(3,1) DEFAULT NULL,
  `AW2` varchar(38) CHARACTER SET utf8 COLLATE utf8_general_ci DEFAULT NULL,
  `wind_2` decimal(3,1) DEFAULT NULL,
  `gust_2` decimal(3,1) DEFAULT NULL
) ENGINE=InnoDB DEFAULT CHARSET=latin1;

--
-- Dump dei dati per la tabella `roma_s`
--

INSERT INTO `roma_s` (`ID`, `hour`, `AW1`, `wind_1`, `gust_1`, `AW2`, `wind_2`, `gust_2`) VALUES
(0, '00:00', 'x', '0.0', '0.0', 'Prevalentemente sereno', '5.6', '9.3'),
(1, '01:00', 'x', '0.0', '0.0', 'Parzialmente nuvoloso', '3.7', '7.4'),
(2, '02:00', 'x', '0.0', '0.0', 'Parzialmente nuvoloso', '5.6', '7.4'),
(3, '03:00', 'x', '0.0', '0.0', 'Parzialmente nuvoloso', '5.6', '9.3'),
(4, '04:00', 'x', '0.0', '0.0', 'Parzialmente nuvoloso', '7.4', '11.1'),
(5, '05:00', 'x', '0.0', '0.0', 'x', '0.0', '0.0'),
(6, '06:00', 'x', '0.0', '0.0', 'x', '0.0', '0.0'),
(7, '07:00', 'x', '0.0', '0.0', 'x', '0.0', '0.0'),
(8, '08:00', 'x', '0.0', '0.0', 'x', '0.0', '0.0'),
(9, '09:00', 'x', '0.0', '0.0', 'Parzialmente soleggiato', '18.5', '29.6'),
(10, '10:00', 'x', '0.0', '0.0', 'Soleggiato', '13.0', '18.5'),
(11, '11:00', 'x', '0.0', '0.0', 'Soleggiato', '14.8', '27.8'),
(12, '12:00', 'Parzialmente soleggiato', '16.7', '22.2', 'Soleggiato', '22.2', '29.6'),
(13, '13:00', 'Parzialmente soleggiato', '16.7', '22.2', 'Prevalentemente soleggiato', '18.5', '33.3'),
(14, '14:00', 'Parzialmente soleggiato', '16.7', '22.2', 'Prevalentemente soleggiato', '20.4', '27.8'),
(15, '15:00', 'Parzialmente soleggiato', '14.8', '22.2', 'Parzialmente soleggiato', '16.7', '22.2'),
(16, '16:00', 'Parzialmente soleggiato', '14.8', '20.4', 'Parzialmente soleggiato', '16.7', '29.6'),
(17, '17:00', 'Parzialmente soleggiato', '13.0', '18.5', 'Parzialmente soleggiato', '16.7', '24.1'),
(18, '18:00', 'Parzialmente nuvoloso', '13.0', '16.7', 'Parzialmente nuvoloso', '14.8', '22.2'),
(19, '19:00', 'Nuvole intermittenti', '11.1', '16.7', 'Prevalentemente sereno', '13.0', '18.5'),
(20, '20:00', 'x', '0.0', '0.0', 'Prevalentemente sereno', '11.1', '16.7'),
(21, '21:00', 'x', '0.0', '0.0', 'Prevalentemente sereno', '9.3', '13.0'),
(22, '22:00', 'x', '0.0', '0.0', 'Prevalentemente sereno', '9.3', '13.0'),
(23, '23:00', 'x', '0.0', '0.0', 'Prevalentemente sereno', '7.4', '11.1');

-- --------------------------------------------------------

--
-- Struttura della tabella `roma_se`
--

CREATE TABLE `roma_se` (
  `ID` int(2) DEFAULT NULL,
  `hour` varchar(5) CHARACTER SET utf8 COLLATE utf8_general_ci DEFAULT NULL,
  `AW1` varchar(38) CHARACTER SET utf8 COLLATE utf8_general_ci DEFAULT NULL,
  `wind_1` decimal(3,1) DEFAULT NULL,
  `gust_1` decimal(3,1) DEFAULT NULL,
  `AW2` varchar(38) CHARACTER SET utf8 COLLATE utf8_general_ci DEFAULT NULL,
  `wind_2` decimal(3,1) DEFAULT NULL,
  `gust_2` decimal(3,1) DEFAULT NULL
) ENGINE=InnoDB DEFAULT CHARSET=latin1;

--
-- Dump dei dati per la tabella `roma_se`
--

INSERT INTO `roma_se` (`ID`, `hour`, `AW1`, `wind_1`, `gust_1`, `AW2`, `wind_2`, `gust_2`) VALUES
(0, '00:00', 'x', '0.0', '0.0', 'Prevalentemente sereno', '7.4', '11.1'),
(1, '01:00', 'x', '0.0', '0.0', 'Parzialmente nuvoloso', '7.4', '9.3'),
(2, '02:00', 'x', '0.0', '0.0', 'Parzialmente nuvoloso', '9.3', '9.3'),
(3, '03:00', 'x', '0.0', '0.0', 'Parzialmente nuvoloso', '7.4', '9.3'),
(4, '04:00', 'x', '0.0', '0.0', 'Parzialmente nuvoloso', '7.4', '11.1'),
(5, '05:00', 'x', '0.0', '0.0', 'Parzialmente nuvoloso', '9.3', '13.0'),
(6, '06:00', 'x', '0.0', '0.0', 'x', '0.0', '0.0'),
(7, '07:00', 'x', '0.0', '0.0', 'x', '0.0', '0.0'),
(8, '08:00', 'x', '0.0', '0.0', 'x', '0.0', '0.0'),
(9, '09:00', 'x', '0.0', '0.0', 'x', '0.0', '0.0'),
(10, '10:00', 'x', '0.0', '0.0', 'Prevalentemente soleggiato', '14.8', '16.7'),
(11, '11:00', 'x', '0.0', '0.0', 'Soleggiato', '16.7', '18.5'),
(12, '12:00', 'Parzialmente soleggiato', '20.4', '25.9', 'Soleggiato', '18.5', '20.4'),
(13, '13:00', 'Parzialmente soleggiato', '22.2', '22.2', 'Soleggiato', '18.5', '18.5'),
(14, '14:00', 'Parzialmente soleggiato', '20.4', '22.2', 'Prevalentemente soleggiato', '20.4', '24.1'),
(15, '15:00', 'Parzialmente soleggiato', '20.4', '22.2', 'Parzialmente soleggiato', '20.4', '22.2'),
(16, '16:00', 'Parzialmente soleggiato', '18.5', '20.4', 'Parzialmente soleggiato', '16.7', '20.4'),
(17, '17:00', 'Parzialmente soleggiato', '18.5', '20.4', 'Parzialmente soleggiato', '13.0', '14.8'),
(18, '18:00', 'Parzialmente nuvoloso', '14.8', '18.5', 'Nuvole intermittenti', '14.8', '18.5'),
(19, '19:00', 'Nuvole intermittenti', '14.8', '16.7', 'Prevalentemente sereno', '13.0', '16.7'),
(20, '20:00', 'Prevalentemente nuvoloso', '13.0', '14.8', 'Prevalentemente sereno', '13.0', '14.8'),
(21, '21:00', 'x', '0.0', '0.0', 'Prevalentemente sereno', '11.1', '13.0'),
(22, '22:00', 'x', '0.0', '0.0', 'Prevalentemente sereno', '7.4', '13.0'),
(23, '23:00', 'x', '0.0', '0.0', 'Prevalentemente sereno', '5.6', '11.1');

-- --------------------------------------------------------

--
-- Struttura della tabella `roma_so`
--

CREATE TABLE `roma_so` (
  `ID` int(2) DEFAULT NULL,
  `hour` varchar(5) CHARACTER SET utf8 COLLATE utf8_general_ci DEFAULT NULL,
  `AW1` varchar(38) CHARACTER SET utf8 COLLATE utf8_general_ci DEFAULT NULL,
  `wind_1` decimal(3,1) DEFAULT NULL,
  `gust_1` decimal(3,1) DEFAULT NULL,
  `AW2` varchar(38) CHARACTER SET utf8 COLLATE utf8_general_ci DEFAULT NULL,
  `wind_2` decimal(3,1) DEFAULT NULL,
  `gust_2` decimal(3,1) DEFAULT NULL
) ENGINE=InnoDB DEFAULT CHARSET=latin1;

--
-- Dump dei dati per la tabella `roma_so`
--

INSERT INTO `roma_so` (`ID`, `hour`, `AW1`, `wind_1`, `gust_1`, `AW2`, `wind_2`, `gust_2`) VALUES
(0, '00:00', 'x', '0.0', '0.0', 'Prevalentemente sereno', '5.6', '9.3'),
(1, '01:00', 'x', '0.0', '0.0', 'Parzialmente nuvoloso', '3.7', '7.4'),
(2, '02:00', 'x', '0.0', '0.0', 'Parzialmente nuvoloso', '5.6', '5.6'),
(3, '03:00', 'x', '0.0', '0.0', 'Parzialmente nuvoloso', '5.6', '9.3'),
(4, '04:00', 'x', '0.0', '0.0', 'Parzialmente nuvoloso', '7.4', '9.3'),
(5, '05:00', 'x', '0.0', '0.0', 'Parzialmente nuvoloso', '9.3', '11.1'),
(6, '06:00', 'x', '0.0', '0.0', 'x', '0.0', '0.0'),
(7, '07:00', 'x', '0.0', '0.0', 'x', '0.0', '0.0'),
(8, '08:00', 'x', '0.0', '0.0', 'x', '0.0', '0.0'),
(9, '09:00', 'x', '0.0', '0.0', 'x', '0.0', '0.0'),
(10, '10:00', 'x', '0.0', '0.0', 'Parzialmente soleggiato', '18.5', '27.8'),
(11, '11:00', 'x', '0.0', '0.0', 'Soleggiato', '14.8', '27.8'),
(12, '12:00', 'Parzialmente soleggiato', '16.7', '24.1', 'Soleggiato', '18.5', '25.9'),
(13, '13:00', 'Parzialmente soleggiato', '16.7', '22.2', 'Prevalentemente soleggiato', '20.4', '25.9'),
(14, '14:00', 'Parzialmente soleggiato', '16.7', '22.2', 'Prevalentemente soleggiato', '16.7', '27.8'),
(15, '15:00', 'Parzialmente soleggiato', '16.7', '22.2', 'Parzialmente soleggiato', '18.5', '24.1'),
(16, '16:00', 'Parzialmente soleggiato', '14.8', '20.4', 'Parzialmente soleggiato', '14.8', '20.4'),
(17, '17:00', 'Parzialmente soleggiato', '13.0', '18.5', 'Parzialmente soleggiato', '14.8', '25.9'),
(18, '18:00', 'Parzialmente nuvoloso', '13.0', '18.5', 'Parzialmente nuvoloso', '14.8', '22.2'),
(19, '19:00', 'Nuvole intermittenti', '11.1', '16.7', 'Prevalentemente sereno', '13.0', '18.5'),
(20, '20:00', 'Nuvole intermittenti', '9.3', '14.8', 'Prevalentemente sereno', '11.1', '16.7'),
(21, '21:00', 'x', '0.0', '0.0', 'Prevalentemente sereno', '9.3', '14.8'),
(22, '22:00', 'x', '0.0', '0.0', 'Prevalentemente sereno', '9.3', '13.0'),
(23, '23:00', 'x', '0.0', '0.0', 'Prevalentemente sereno', '7.4', '11.1');

-- --------------------------------------------------------

--
-- Struttura della tabella `sessions`
--

CREATE TABLE `sessions` (
  `userID` int(20) NOT NULL,
  `username` varchar(30) CHARACTER SET utf8 COLLATE utf8_general_ci NOT NULL,
  `status` int(1) NOT NULL,
  `alert` varchar(100) CHARACTER SET utf8 COLLATE utf8_general_ci NOT NULL
) ENGINE=InnoDB DEFAULT CHARSET=utf8 ROW_FORMAT=COMPACT;

-- --------------------------------------------------------

--
-- Struttura della tabella `tasks`
--

CREATE TABLE `tasks` (
  `reward` varchar(20) CHARACTER SET utf8 COLLATE utf8_general_ci NOT NULL,
  `task` varchar(100) CHARACTER SET utf8 COLLATE utf8_general_ci NOT NULL,
  `flag` int(2) NOT NULL
) ENGINE=InnoDB DEFAULT CHARSET=utf8 ROW_FORMAT=COMPACT;

--
-- Dump dei dati per la tabella `tasks`
--

INSERT INTO `tasks` (`reward`, `task`, `flag`) VALUES
('Aerodactyl', 'Vinci 5 raid/Utilizza un ogetto per evolvere un Pokemon', 0),
('Anorith', 'Effettua 3 ottimi tiri/Cattura 7 Pokemon di tipo Volante, Psico o Buio', 0),
('Bidoof', 'Effettua 5 bei tiri', 0),
('Bulbasaur', 'Potenzia i Pokemon 5 volte/Vinci una sfida in palestra', 0),
('Chansey', 'Fai schiudere 5 uova', 1),
('Charmander', 'Potenzia i Pokemon 5 volte/Vinci una sfida in palestra', 0),
('Cubone', 'Usa 5 baccalampon per catturare un Pokemon', 0),
('Dratini', 'Cattura un Pokemon di tipo Drago', 1),
('Drowzee', 'Partecipa ad un raid', 0),
('Eevee', 'Evolvi un Pokemon', 0),
('Electabuzz', 'Utilizza una mossa caricata superefficace in 7 lotte', 0),
('Exeggcute', 'Fai schiudere un uovo', 0),
('Gastly', 'Effettua 3 ottimi tiri/Invia 2 pacchi amicizia', 0),
('Growlithe', 'Usa 5 bacche per catturare un Pokemon', 0),
('Houndour', 'Cattura 10 Pokemon', 0),
('Jynx', 'Vinci 3 sfide in palestra', 0),
('Kabuto', 'Cattura 10 Pokemon di tipo Ghiaccio', 0),
('Lapras', 'Vinci 5 sfide in palestra', 1),
('Larvitar', 'Effettua 3 tiri eccellenti di fila', 1),
('Lileep', 'Effettua 3 ottimi tiri', 0),
('Machop', 'Lotta in una palestra 5 volte', 0),
('Magmar', 'Fai schiudere 3 uova', 0),
('Magnemite', 'Cattura 5 Pokemon di tipo Lotta', 0),
('Manectric', 'Effettua uno scambio Pokemon', 0),
('Mankey', 'Lotta in una palestra', 0),
('Omanyte', 'Vinci un raid di livello 3 o superiore', 0),
('Onix', 'Effettua 3 tiri ottimi di fila', 0),
('Poliwag', 'Cattura 5 Pokemon potenziati dalle condizioni atmosferiche', 0),
('Sandshrew', 'Cattura 10 Pokemon di tipo Terra', 0),
('Snubbull', 'Fai schiudere un uovo', 0),
('Spinda', 'Lancia 5 palle curve di fila con risultato ottimo', 1),
('Squirtle', 'Potenzia i Pokemon 5 volte/Vinci una sfida in palestra', 0),
('Starmie', 'Cattura 5 Pokemon di tipo Normale, Elettro o Veleno', 0),
('Sunkern', 'Evolvi un Pokemon', 0),
('Tentacruel', 'Guadagna 5 caramelle camminando con il compagno', 0),
('Voltorb', 'Effettua 5 bei tiri', 0),
('Vulpix', 'Cattura 5 Pokemon potenziati dalle condizioni atmosferiche', 0),
('Nosepass', 'Schiudi 2 uova', 0),
('Magikarp', 'Cattura 10 Pokemon/Usa 10 baccananas per catturare un Pokemon', 0),
('Trapinch', 'Evolvi 3 Wurmple', 0),
('Starter', 'Vinci una sfida in palestra/Potenzia i Pokemon 5 volte', 0);

-- --------------------------------------------------------

--
-- Struttura della tabella `update_times`
--

CREATE TABLE `update_times` (
  `cell` varchar(7) DEFAULT NULL,
  `update_time` varchar(10) DEFAULT NULL
) ENGINE=InnoDB DEFAULT CHARSET=utf8 ROW_FORMAT=COMPACT;

--
-- Dump dei dati per la tabella `update_times`
--

INSERT INTO `update_times` (`cell`, `update_time`) VALUES
('roma_c', '2019-01-26'),
('roma_e', '2019-01-26'),
('roma_ne', '2019-01-26'),
('roma_n', '2019-01-26'),
('roma_no', '2019-01-26'),
('roma_o', '2019-01-26'),
('roma_so', '2019-01-26'),
('roma_s', '2019-01-26'),
('roma_se', '2019-01-26'),
('NEW_FC', '1'),
('MIDDAY', '1');

-- --------------------------------------------------------

--
-- Struttura della tabella `usersettings`
--

CREATE TABLE `usersettings` (
  `username` varchar(50) CHARACTER SET utf8 COLLATE utf8_general_ci NOT NULL,
  `radius` double NOT NULL
) ENGINE=InnoDB DEFAULT CHARSET=utf8 ROW_FORMAT=COMPACT;

--
-- Dump dei dati per la tabella `usersettings`
--

INSERT INTO `usersettings` (`username`, `radius`) VALUES
('Trial4life', 1),
('Illidanrex', 5);

-- --------------------------------------------------------

--
-- Struttura della tabella `zones`
--

CREATE TABLE `zones` (
  `cellId` varchar(64) CHARACTER SET utf8 COLLATE utf8_general_ci NOT NULL,
  `cellId64` varchar(64) CHARACTER SET utf8 COLLATE utf8_general_ci NOT NULL,
  `name` varchar(64) CHARACTER SET utf8 COLLATE utf8_general_ci NOT NULL,
  `groups` varchar(500) CHARACTER SET utf8 COLLATE utf8_general_ci DEFAULT NULL
) ENGINE=InnoDB DEFAULT CHARSET=utf8 ROW_FORMAT=COMPACT;

--
-- Dump dei dati per la tabella `zones`
--

INSERT INTO `zones` (`cellId`, `cellId64`, `name`, `groups`) VALUES
('132f5d', '132f5d0000000000', 'Nord-Ovest', ''),
('132f67', '132f670000000000', 'Nord', ''),
('132f65', '132f650000000000', 'Nord-Est', ''),
('132f5f', '132f5f0000000000', 'Ovest', ''),
('132f61', '132f610000000000', 'Centro', ''),
('132f63', '132f630000000000', 'Est', ''),
('1325f5', '1325f50000000000', 'Sud-Ovest', ''),
('13258b', '13258b0000000000', 'Sud', ''),
('132589', '1325890000000000', 'Sud-Est', ''),
('132f615', '132f615000000000', 'Libia', '-1001119443518,'),
('132f60fc', '132f60fc00000000', 'Pincio', '-1001369640732,'),
('132f611', '132f611000000000', 'Salario', '-1001369640732,'),
('132f6164', '132f616400000000', 'Lanciani', '-1001119443518,'),
('132f616c', '132f616c00000000', 'Trieste', '-1001119443518,'),
('132f617', '132f617000000000', 'Bologna', NULL),
('132f63fc', '132f63fc00000000', 'Monte Sacro', '-1001119443518,'),
('132f641', '132f641000000000', 'Tufello', '-1001119443518,'),
('132f66b', '132f66b000000000', 'Jonio', '-1001119443518,158754689,');
COMMIT;

/*!40101 SET CHARACTER_SET_CLIENT=@OLD_CHARACTER_SET_CLIENT */;
/*!40101 SET CHARACTER_SET_RESULTS=@OLD_CHARACTER_SET_RESULTS */;
/*!40101 SET COLLATION_CONNECTION=@OLD_COLLATION_CONNECTION */;
